1122515554;MARIO CIRUJANO;18;Masculino;m3ra2404@gmail.com
1122515553;MARIO ONCOLOGO;18;Masculino;m3ra2404@gmail.com
1122515555;MARIO DERMATOLOGO;18;Masculino;m3ra2404@gmail.com
1122515556;MARIO NEUMOLOGO;18;Masculino;m3ra2404@gmail.com
1122515557;MARIO CARDIOLOGO;18;Masculino;m3ra2404@gmail.com
1122515558;MARIO MEDICO;18;Masculino;m3ra2404@gmail.com
1022515553;NICOLAS ONCOLOGO;18;Masculino;m3ra2404@gmail.com
1022515554;NICOLAS CIRUJANO;18;Masculino;m3ra2404@gmail.com
1722515554;LOCO CIRUJANO;18;Masculino;m3ra2404@gmail.com
1772515554;PIPE CIRUJANO;18;Masculino;m3ra2404@gmail.com
1777515554;SANTIAGO CIRUJANO;18;Masculino;m3ra2404@gmail.com
1778515554;ESTEBAN CIRUJANO;18;Masculino;m3ra2404@gmail.com
1722515564;LOCO ONCOLOGO;18;Masculino;m3ra2404@gmail.com
1772515564;PIPE ONCOLOGO;18;Masculino;m3ra2404@gmail.com
1777515564;SANTIAGO ONCOLOGO;18;Masculino;m3ra2404@gmail.com
1778515564;ESTEBAN ONCOLOGO;18;Masculino;m3ra2404@gmail.com
1778515664;PEREZ ONCOLOGO;18;Masculino;m3ra2404@gmail.com
1922515553;NICOLAS DERMATOLOGO;18;Masculino;m3ra2404@gmail.com
1922515564;LOCO DERMATOLOGO;18;Masculino;m3ra2404@gmail.com
1972515564;PIPE DERMATOLOGO;18;Masculino;m3ra2404@gmail.com
1977515564;SANTIAGO DERMATOLOGO;18;Masculino;m3ra2404@gmail.com
1978515564;ESTEBAN DERMATOLOGO;18;Masculino;m3ra2404@gmail.com
1978515664;PEREZ DERMATOLOGO;18;Masculino;m3ra2404@gmail.com
192251555;NICOLAS NEUMOLOGO;18;Masculino;m3ra2404@gmail.com
192251556;LOCO NEUMOLOGO;18;Masculino;m3ra2404@gmail.com
197251556;PIPE NEUMOLOGO;18;Masculino;m3ra2404@gmail.com
197751556;SANTIAGO NEUMOLOGO;18;Masculino;m3ra2404@gmail.com
197851556;ESTEBAN NEUMOLOGO;18;Masculino;m3ra2404@gmail.com
197851566;PEREZ NEUMOLOGO;18;Masculino;m3ra2404@gmail.com
19225155;LOCO CARDIOLOGO;18;Masculino;m3ra2404@gmail.com
19725155;PIPE CARDIOLOGO;18;Masculino;m3ra2404@gmail.com
19775155;SANTIAGO CARDIOLOGO;18;Masculino;m3ra2404@gmail.com
19785155;ESTEBAN CARDIOLOGO;18;Masculino;m3ra2404@gmail.com
19785156;PEREZ CARDIOLOGO;18;Masculino;m3ra2404@gmail.com
192275155;NICOLAS CARDIOLOGO;18;Masculino;m3ra2404@gmail.com
292275155;NICOLAS MEDICO;18;Masculino;m3ra2404@gmail.com
29225155;LOCO MEDICO;18;Masculino;m3ra2404@gmail.com
29725155;PIPE MEDICO;18;Masculino;m3ra2404@gmail.com
29775155;SANTIAGO MEDICO;18;Masculino;m3ra2404@gmail.com
29785155;ESTEBAN MEDICO;18;Masculino;m3ra2404@gmail.com
29785156;PEREZ MEDICO;18;Masculino;m3ra2404@gmail.com
40327515;CAROLINA CIRUJANO;32;Masculino;m3ra2404@gmail.com
